book_id,title,author,rating,genres,description
246813919-tylko-mi-okna-zostawcie-otwarte,Tylko mi okna zostawcie otwarte,"Czernek-Pasierbek, Paulina",4,"Fiction, Fantasy, Thriller, Poetry, Classics, Science Fiction","Marianna Roszkowska jest niesamowicie silna. Nie płacze. Nie krzyczy. Idzie przez życie odważnie, z podniesioną głową, gotowa samodzielnie stawić czoła wszelkim przeciwnościom. Nic i nikt jej nie złamie, nawet wojna, okupacja, strata, groza wszechobecnej śmierci, chyba że... pewnego dnia poczuje w gardle supeł i to, jak trudno jest po prostu być, oddychać.Victor Giroud nie ma domu. Nie zamierza nigdy wracać do Monachium. Nie ma ojczyzny - Francuzem mu być nie wolno, Niemcem być nie chce. Nie ma też rodziny. Po matce i bracie pozostały mu tylko wspomnienia, a dla ojca są pewne granice miłości... Tej teoretycznie bezgranicznej. Victor żyje sam, bezpiecznie ukryty w kokonie własnych kłamstw. Jedyną prawdą w jego życiu jest jazgot dobiegający zza otwartych ku przeszłości okien.Tych dwoje spotka się w okupowanej Warszawie. Przypadkiem poplączą się w więziach, które są niczym wojna: bez przyczyny, bez sensu, bez przyszłości. Więziach pierwszych. Więziach jedynych. Niewytłumaczalnych w żadnym z języków tego świata.Książka dla czytelników powyżej szesnastego roku życia."
241722107-jak-nie-zabi-em-swojego-ojca-i-jak-bardzo-tego-a-uj,Jak nie zabiłem swojego ojca i jak bardzo tego żałuję,"Pakuła, Mateusz",3,"Fiction, Poland, Favorites, Biography, Polish Literature, Fantasy, Audiobook, Contemporary, Thriller, Nonfiction, Poetry, Classics, Science Fiction","Szczera, intymna do granic, groteskowa, brutalna, smutna i okropnie śmieszna.Jedna z najważniejszych książek ostatnich lat.O umieraniu ojca i zderzeniu z bezdusznym systemem. O rodzinie w sytuacji granicznej. O instytucjach opiekuńczych, które zawalają sprawę. O Kościele, który zawala. Służbie zdrowia, która zawala. Wreszcie – o mocy, którą daje opowiedzenie tej historii na głos."
43509266-internat,Internat,"Zhadan, Serhiy",4,"Fiction, Ukraine, War, Ukrainian Literature, Fantasy, Novels, Historical Fiction, Contemporary, Thriller, Poetry, Classics, Science Fiction","U Żadana koniec znanego świata okazuje się wstępem do naprawdę długiego koszmaru. Pasza – trzydziestopięcioletni nauczyciel, mruk, idealista - musi odebrać z internatu siostrzeńca i wrócić z nim do domu. Byłoby to może łatwe, gdyby nie wojna. Jakoś rok temu przywieźli ją ze sobą ci dziwni ludzie, od których czuć prochem, tytoniem i smarem. Mówią w tym samym języku, w którym mówi Pasza, ale też w państwowym, którego Pasza uczy. Najpierw widywano ich w telewizji, później na ulicach. Potem kraj został znienacka anulowany, a na jego miejsce podstawiono zrujnowane industrialne przedmieścia, opustoszałe wioski i miasto widmo, w którym grasują okupanci, płoną bloki i trwa kanonada. Z tej pułapki można się wymknąć tylko cudem lub za cenę ogromnego upokorzenia. Albo w trumnie.Wyobraźcie sobieDrogęCormaca McCarthy’ego, tyle że osadzoną w zimowym wojennym Donbasie. To jest właśnieInternat."
231336659-muzyka-dla-duch-w,Muzyka dla duchów,An Yu,5,"Fiction, Literary Fiction, Fantasy, China, Audiobook, Contemporary, Magical Realism, Thriller, Poetry, Classics, Science Fiction","Pewnej nocy niespełna trzydziestoletnią Song Yan wybudzają cichy głos, pomarańczowe światło i zapach piżma: to mały grzyb, który wyrósł spomiędzy desek w podłodze. Niedługo potem do drzwi puka kurier i wręcza bohaterce wysłaną przez kogoś paczkę pełną świeżych grzybów. Ale lawina tajemniczych wydarzeń dopiero się rozpędza: na jaw wychodzą sekrety z przeszłości, a Yan – niespełniona pianistka, samotna żona, niedoszła matka i nielubiana synowa – ucieka od trudnej rzeczywistości wprost do królestwa grzybów. Razem z zaginionym przed laty muzykiem szuka tam idealnego dźwięku, lecz znajduje wyłącznie ciszę.Pochodząca z Chin An Yu tworzy niepokojące uniwersum, które lewituje gdzieś między jawą a snem; proza codziennego życia w Pekinie kontrastuje tu z hipnotyzującą wyobraźnią.Muzyka dla duchówto opowieść z innego świata, choć o zupełnie realnych problemach: stracie, tęsknocie i poszukiwaniu samej siebie."
246473316-spotkajmy-si-kiedy-b-dzie-adna-pogoda,"Spotkajmy się, kiedy będzie ładna pogoda","Lee, Do Woo",3,"Fiction, Romance, Asia, Slice Of Life, France, Fantasy, Roman, Contemporary, Thriller, Poetry, Classics, Science Fiction","Bestsellerowy romans literacki z Korei.Subtelna, poetycka opowieść o uzdrawiającej sile relacji i miłości po przejściach.Czasem miłość przychodzi wtedy, gdy najmniej jej oczekujesz – i zostaje, nawet jeśli nie wiesz, jak ją nazwać.Po serii osobistych porażek Hae-wŏn wraca z Seulu do rodzinnego miasteczka. W poszukiwaniu spokoju trafia do małej księgarni – miejsca, w którym ludzie spotykają się, by rozmawiać o książkach, marzeniach i życiu. Księgarnię prowadzi cichy, introwertyczny Ŭn-sŏp – ich ponowne spotkanie po latach staje się początkiem ciepłej, uzdrawiającej relacji, w której miłość nie potrzebuje wielkich słów.Spotkajmy się, kiedy będzie ładna pogodato subtelna i nastrojowa opowieść o samotności, przebaczeniu i emocjonalnym uzdrawianiu. Pochwała ciszy, prostoty i codziennych gestów, która koi i przywraca wiarę w ciepło międzyludzkich więzi."
208155402-gifted,Gifted,"Suzuki, Suzumi",4,"Fiction, Japanese Literature, Asia, Japan, Fantasy, Audiobook, Contemporary, Literary Fiction, Thriller, Poetry, Classics, Science Fiction","A moving portrayal of a troubled mother–daughter relationship, shortlisted for Japan’s prestigious Akutagawa Prize.In 2008, the unnamed narrator ofGiftedis working as a hostess and living in Tokyo’s nightlife district. One day, her estranged mother, who is seriously ill, suddenly turns up at her door.As the mother approaches the end of her life, the two women must navigate their strained relationship, while the narrator also reckons with events happening in her own life, including the death of a close friend ― all under the bright lights of Tokyo‘s ‘sleepless town’, Kabukichō.In sharp, elegant prose, and based on the author’s own experiences as a sex worker,Giftedheralds the breakthrough of an exciting new literary talent."
244885025-blisko-domu,Blisko domu,"Magee, Michael",4,"Fiction, Book Club, Irish Literature, Ireland, Fantasy, Historical Fiction, Contemporary, Literary Fiction, Thriller, Poetry, Classics, Science Fiction","Szczery i poruszający obraz pokolenia stojącego w obliczu niepewnej przyszłości.Irlandia Północna, 2013 rok. Dwudziestokilkuletni Sean przyjeżdża do rodzinnego Belfastu ze świeżo zdobytym dyplomem anglisty. Powrót do domu oznacza powrót do dawnych nawyków. Na uniwersytecie zgłębiał wybitną literaturę, teraz pochłania go proza życia: brak pieniędzy, miłości, sensu. Do perfekcji opanowuje technikę drobnych kradzieży w Tesco, biegle wciąga kokainę z klucza, a gdy ktoś stanie mu na drodze, nie ma skrupułów, by go znokautować.Tkwisz w swojej dziurze, skazany na trzy albo cztery te same gęby, pijesz, ćpasz, kręcisz się po barze, aż w końcu zupełnie nie ma z kim gadać– te słowa powracają do Seana jak refren. Dopiero gdy trafia przed sąd, a w jego życiu niespodziewanie pojawia się przyjaciółka z przeszłości, Sean zaczyna zdawać sobie sprawę, że los może się jeszcze odmienić.W swojej debiutanckiej powieści Michael Magee tworzy szczery portret młodych ludzi z klasy robotniczej, z pierwszego pokolenia urodzonego po zakończeniu Kłopotów. Opowiada o ich niespełnionych nadziejach, bolesnych zmaganiach z rzeczywistością, narastającym gniewie i braku perspektyw.Blisko domuto również oda do Belfastu: miasta naznaczonego bliznami po konfliktach, w którym wciąż wybrzmiewa echo brutalnej, traumatycznej przeszłości."
224003127-the-ten-year-affair,The Ten Year Affair,"Somers, Erin",5,"Fiction, Romance, Book Club, Adult, Fantasy, Audiobook, Contemporary, Literary Fiction, Thriller, Poetry, Classics, Science Fiction","“The best book about adultery sinceMadame Bovary.”—Tony Tulathimutte, author ofRejectionA hilariously acerbicsliding doors novel about a chance meeting between two young parents, both happily married (just not to each other) that sparks a will-they-won’t-they romance—perfect for fans ofBig SwissandActs of Service.When Cora meets Sam at a baby group in their small town, the chemistry between them is undeniable. Both are happily married young parents with two kids, and neither sees themselves as the type to engage in an affair. Yet their connection grows stronger, and as their lives continue to intertwine, the romantic tension between them becomes all-consuming—until their worlds unravel into two parallel timelines. In one, they pursue their feelings. In the other, they resist.As reality splits, the everyday details of Cora’s life—her depressing marketing job, her daughter’s new fascination with the afterlife, her husband’s obsession with podcasts about the history of rope—gain fresh perspective. The intersecting and diverging timelines blur the boundaries of reality and fantasy, questioning what might have been and what truly matters.The Ten Year Affairis a witty, emotionally-charged exploration of marriage, family life, and the roads not taken, that ultimately do we really want our fantasies to come true?"
246777849-kuchnia,Kuchnia,"Yoshimoto, Banana",4,"Fiction, Short Stories, Japanese Literature, Asia, Japan, Fantasy, Contemporary, Literary Fiction, Thriller, Poetry, Classics, Science Fiction","Książka, z którą utożsamiają się pokolenia. Ta kultowa opowieść od lat karmi serca czytelników na całym świecie.DebiutanckaKuchniaBanany Yoshimoto – książka, która w Japonii zapoczątkowała prawdziwą „bananamanię” – łączy dwie historie młodych ludzi próbujących odnaleźć się po nagłym pęknięciu codzienności.Mikage zmaga się z żałobą po śmierci babci. Jej schronieniem staje się kuchnia – miejsce, w którym zwykłe czynności przywracają poczucie rytmu, a ciche brzęczenie lodówki koi samotność i przynosi sen. W jej życiu pojawiają się Yuichi i jego transpłciowa matka Eriko, których obecność stopniowo zmienia rytm jej dni, wnosząc ciepło, troskę i nową bliskość.Nocne, niemal senne pejzaże Tokio otulają historię Satsuki i Hiiragiego, połączonych wspólnym doświadczeniem straty. Na ich drodze zjawia się tajemnicza Urara, spotkana nocą na moście – jej obecność zapowiada coś trudno uchwytnego, jakby na chwilę otwierało się przejście do innego świata.Teraz pozostaje już tylko uchylić drzwi i dać się zaprosić do tej wyjątkowej Kuchni –miejsca, w którym utrata i nadzieja wzajemnie się poszukują."
242259021-jutro-ju-by-o,Jutro już było,"Bijan, Marta",3,"Fiction, Young Adult, Polish Literature, Summer, Fantasy, Audiobook, Horror, Thriller, Poetry, Classics, Science Fiction","Jak koniec świata to tylko z Martą Bijan! Sięgnij poJutro już byłoi zastanów się - co byś zrobiłx, gdyby świat się jutro skończył?NawetMuchomory w cukrzenie przygotowały Was na to zakończenie! Kiedy ostatni dzień to moment, w którym przestajesz się bać i zaczynasz żyć. Noe nie wierzy w przypadki. Tymon uważa, że śmierć to nic strasznego, samo życie jest trudne. Klara mówi głośno, żeby nikt nie usłyszał, jak bardzo się boi. Sebastian zna odpowiedź na każde pytanie - oprócz jednego.To naprawdę ostatni dzień świata - tak mówią media, tak mówią przepowiednie, tak mówi intuicja. A skoro wszystko ma się skończyć, czemu nie doświadczyć tego w najbardziej absurdalnym miejscu z możliwych - w pełnym krzyków, neonów i waty cukrowej Wesołym Miasteczku? Czwórka siedemnastolatków spędza ostatni dzień życia po swojemu: łamiąc zasady, kradnąc chwilę po chwili, śmiejąc się z rzeczy, z których nie wypada się śmiać. W ich planie na apokalipsę nie ma miejsca na strach.Jest tylko Plan, który jak stary diabelski młyn, nigdy nie chce się zatrzymać. A pod śmiechem kryje się mroczna prawda, od której nie można uciec. Co zostanie, gdy wszystko inne się skończy?Ta książka zostanie z Wami na długo. Nawet po końcu świata."
46018591-convenience-store-woman,Convenience Store Woman,"Murata, Sayaka",4,"Fiction, Book Club, Japanese Literature, Japan, Fantasy, Audiobook, Contemporary, Literary Fiction, Thriller, Poetry, Classics, Science Fiction","Keiko Furukura had always been considered a strange child, and her parents always worried how she would get on in the real world, so when she takes on a job in a convenience store while at university, they are delighted for her. For her part, in the convenience store she finds a predictable world mandated by the store manual, which dictates how the workers should act and what they should say, and she copies her coworkers' style of dress and speech patterns so she can play the part of a normal person. However, eighteen years later, at age 36, she is still in the same job, has never had a boyfriend, and has only few friends. She feels comfortable in her life but is aware that she is not living up to society's expectations and causing her family to worry about her. When a similarly alienated but cynical and bitter young man comes to work in the store, he will upset Keiko's contented stasis—but will it be for the better?Sayaka Murata brilliantly captures the atmosphere of the familiar convenience store that is so much part of life in Japan. With some laugh-out-loud moments prompted by the disconnect between Keiko's thoughts and those of the people around her, she provides a sharp look at Japanese society and the pressure to conform, as well as penetrating insights into the female mind.Convenience Store Womanis a fresh, charming portrait of an unforgettable heroine that recalls Banana Yoshimoto, Han Kang, andAmelie."
23453099-eileen,Eileen,"Moshfegh, Ottessa",4,"Mystery Thriller, Fiction, Fantasy, Mystery, Historical Fiction, Contemporary, Literary Fiction, Thriller, Poetry, Classics, Science Fiction","So here we are. My name was Eileen Dunlop. Now you know me. I was twenty-four years old then, and had a job that paid fifty-seven dollars a week as a kind of secretary at a private juvenile correctional facility for teenage boys. I think of it now as what it really was for all intents and purposes—a prison for boys. I will call it Moorehead. Delvin Moorehead was a terrible landlord I had years later, and so to use his name for such a place feels appropriate. In a week, I would run away from home and never go back.This is the story of how I disappeared.The Christmas season offers little cheer for Eileen Dunlop, an unassuming yet disturbed young woman trapped between her role as her alcoholic father’s caretaker in a home whose squalor is the talk of the neighborhood and a day job as a secretary at the boys’ prison, filled with its own quotidian horrors. Consumed by resentment and self-loathing, Eileen tempers her dreary days with perverse fantasies and dreams of escaping to the big city. In the meantime, she fills her nights and weekends with shoplifting, stalking a buff prison guard named Randy, and cleaning up her increasingly deranged father’s messes. When the bright, beautiful, and cheery Rebecca Saint John arrives on the scene as the new counselor at Moorehead, Eileen is enchanted and proves unable to resist what appears at first to be a miraculously budding friendship. In a Hitchcockian twist, her affection for Rebecca ultimately pulls her into complicity in a crime that surpasses her wildest imaginings.Played out against the snowy landscape of coastal New England in the days leading up to Christmas, young Eileen’s story is told from the gimlet-eyed perspective of the now much older narrator. Creepy, mesmerizing, and sublimely funny, in the tradition of Shirley Jackson and early Vladimir Nabokov, this powerful debut novel enthralls and shocks, and introduces one of the most original new voices in contemporary literature. Ottessa Moshfegh is also the author ofMy Year of Rest and Relaxation,Homesick for Another World: Stories, andMcGlue."
61846549-m-j-ma-y-zwierzaku,Mój mały zwierzaku,"Rijneveld, Lucas",4,"Fiction, Dutch Literature, Fantasy, Roman, Audiobook, Contemporary, Literary Fiction, Thriller, Poetry, Classics, Science Fiction, Literature","Utrata, obsesja, samotność, poszukiwanie siebie...Nowa powieść autoraNiepokój przychodzi o zmierzchu, laureata Międzynarodowej Nagrody Bookera.Dziwna nastolatka, naiwna jak dziecko i nad wiek dojrzała, opuszczona przez najbliższych w niekończącej się żałobie, szuka ucieczki w wyimaginowanych rozmowach z Freudem i Hitlerem, drobnych kradzieżach, fantazjach o lataniu, muzyce, w której zatapia się cała. Kiedy miejscowy weterynarz, troskliwy i szanowany, okazuje jej zainteresowanie, otwiera się przed nim.Zafascynowany dziewczyną Kurt wabi ją, przyciąga, podsyca pragnienia, poddając się złudzeniu, że sam wreszcie zapomni o lękach i koszmarach, które dręczą go każdej nocy. Pośród obietnic, wyznań, sprzeczek, szeptów, wspólnych lektur i SMS-ów z cytatami z popularnych piosenek jego gesty stają się coraz mniej niewinne, sen miesza się z jawą, a za granicą tego, co zakazane, majaczy upiornie biel dwuosobowego materaca.Mocna, odważna i wstrząsająca książka o tym, jak łatwo jest spłoszyć miłość."
244124350-proste-rzeczy,Proste rzeczy,"Wicha, Marcin",3,"Fiction, Fantasy, Thriller, Poetry, Classics, Science Fiction","O świecie, który kryje się w rzeczach. I o rzeczach, które kryją się w nas.Marcin Wicha obserwuje świat przez pryzmat rzeczy – tych, które nas otaczają, kształtują, uwierają i czasem bronią przed chaosem. W pisanych z czułością, humorem i melancholią felietonach osobista codzienność splata się z opowieścią o społeczeństwie, dizajnie, który zaraża paranoją, i rzeczywistości, w której kabel staje się symbolem prywatności.W świecie, który uwielbia nowe gadżety, Wicha broni tego, co niepraktyczne, ciężkie i trwałe. Potrafi znaleźć sens w drobiazgach i połączyć estetykę z etyką. Pokazuje, że rzeczy są świadkami czasów – dokumentują przemiany społeczne, język, politykę i prozę życia. WProstych rzeczachodbija się portret pokolenia, które dorastało między radiem na korbkę a chmurą danych.To książka dla tych, którzy lubią myśleć, ale też dla tych, którzy po prostu lubią patrzeć na świat z ukosa. Bo – jak pisze Wicha – Nowe rzeczy się zestarzały. Za to na rondach błyszczą świeżutkie tablice na cześć żołnierzy wyklętych. One też zblakną."
29610266-white-nights,White Nights,"Dostoevsky, Fyodor",5,"Fiction, Romance, Short Stories, Russian Literature, Russia, Fantasy, Thriller, Poetry, Classics, Science Fiction, Literature","White Nights is a short story by Fyodor Dostoevsky that was published in 1848. Set in St. Petersburg, it is the story of a young man fighting his inner restlessness. A light and tender narrative, it delves into the torment and guilt of unrequited love. Both protagonists suffer from a deep sense of alienation that initially brings them together. A blend of romanticism and realism, the story appeals gently to the senses and feelings."
244445040-kitten,Kitten,"Yu, Stacey",3,"Fiction, Adult Fiction, Adult, Fantasy, Novels, Contemporary, Literary Fiction, Thriller, Poetry, Classics, Science Fiction","A magnetic, stirring debut novel about an adrift young woman whose growing fascination with her boyfriend’s cat ushers her into the possibilities of her own life—but not without first threatening to unravel it.Katie is far from home and fresh out of college, desperate to skirt adulthood’s demands, and all too willing to let her wealthy boyfriend James make decisions for them both. It doesn’t help that she’s no longer speaking to her mother. Or that her roommate has abruptly moved out of their New York City apartment. But when James takes Katie on vacation to his family’s seaside house, he brings Silver, his childhood cat, and Katie discovers a sudden, strange, and giddy sense of connection.Silver doesn’t mind that Katie can’t seem to get a job, hold her own at dinner parties, or make amends with her mother. Silver, who gets to lie around all day, misbehave spectacularly, be cute, gross, and still get fed, seems to have the life Katie increasingly longs for. Soon enough, they’re inseparable, and something inside Katie begins to crack open, or maybe just…crack.Because if Katie has learned anything from her estranged mother, it’s that devotion comes at a price. As Katie’s affection for Silver deepens, all of her other relationships begin to falter. Soon, Katie must confront what it is she desires from her life, and what she might have to risk to get it.Both darkly playful and unexpectedly heartfelt, this debut from a major new voice in fiction is a timeless reckoning with the uncertainty of becoming a person in a world that is as disorienting as it is full of hope and promise."
58043508-david-lynch-rozmowy,David Lynch. Rozmowy,"Barney, Richard A.",3,"Philosophy, Film, Fiction, Biography, Art, Fantasy, Media Tie In, Thriller, Nonfiction, Poetry, Classics, Science Fiction, Memoir","Wraz z powrotem po 25-latach kultowego serialu „Miasteczko Twin Peaks” prezentujemy rozmowy z twórcą tego serialu, ale przede wszystkim jednym z najbardziej kontrowersyjnych i cenionych reżyserów amerykańskiego kina–Davidem Lynchem (m.in. „Dzikość serc”, „Głowa do wycierania”, „Prosta historia”, czy „Blue Velvet”). Wywiady z różnych lat jego kariery pozwalają zbliżyć się do tajemnicy – kim tak naprawdę jest David Lynch?"
239026507-przekle-stwa-niewinno-ci,Przekleństwa niewinności,"Eugenides, Jeffrey",3,"Fiction, Young Adult, Fantasy, Coming Of Age, Contemporary, Literary Fiction, Thriller, Mental Health, Poetry, Classics, Science Fiction","Przekleństwa niewinnościto kultowa powieść Jeffreya Eugenidesa, teraz w nowym tłumaczeniu Agi Zano.Akcja rozgrywa się w latach 70. XX wieku na amerykańskich przedmieściach, gdzie pięć niezwykłych sióstr staje się przedmiotem obsesyjnego zainteresowania grupy nastoletnich chłopców. W ciągu zaledwie roku każda z nich odbiera sobie życie. Po latach dawni sąsiedzi próbują zrozumieć dramatyczne wydarzenia, które rozegrały się w rodzinie zdominowanej przez rygorystyczne zasady moralne i religijne. Ich wspomnienia tworzą zbiorową narrację, pełną tęsknoty i prób wyjaśnienia tajemnicy tragicznego losu Cecilii, Therese, Bonnie, Lux i Mary.Powieść, zekranizowana przez Sofię Coppolę i przetłumaczona na wiele języków, zyskała status klasyki literatury amerykańskiej. Michiko Kakutani nazwała ją „małą, lecz potężną operą w formie powieści”, podkreślając jej wyjątkowy klimat.Przekleństwa niewinnościto poruszająca i poetycka opowieść o dorastaniu, młodzieńczej fascynacji, seksualności, lękach i śmierci. Po raz pierwszy wydana w 1993 roku, w Polsce znana także jakoSamobójczynie, przyniosła Eugenidesowi miano jednego z najciekawszych głosów współczesnej literatury. Autor z niezwykłą wrażliwością i czarnym humorem oddaje złożoność emocji towarzyszących młodości."
244789333-cuda-za-rogiem,Cuda za rogiem,"Higashino, Keigo",4,"Fiction, Japanese Literature, Japan, Fantasy, Mystery, Contemporary, Magical Realism, Thriller, Poetry, Classics, Science Fiction","Międzynarodowy bestseller – 14 milionów sprzedanych egzemplarzy. Jedna noc, listy sprzed lat i sklepik, w którym przeszłość splata się z teraźniejszością. Higashino napisał poruszającą historię, która oczarowała czytelników na całym świecie.Od północy aż do świtu skrzynka na listy z prośbami o rady w sklepiku Namiya będzie ponownie otwarta — tylko na jedną noc.Trzech młodych mężczyzn ukrywa się w opuszczonym sklepie wielobranżowym, nie wiedząc, że skrzynka na listy, do której wpada list sprzed ponad trzydziestu lat, połączy dwie epoki. W jednej nocy wcielą się w rolę dawnego właściciela sklepu, udzielającego rad tym, którzy szukali wsparcia – a ich życie już nigdy nie będzie takie samo.Ciepła, poruszająca i niosąca nadzieję opowieść, która zachwyci zarówno miłośników japońskich comfort books, jak i czytelników Keigo Higashino – mistrza kryminałów i literackich zagadek, autora światowego bestselleraPodejrzany X. Pochodna zbrodni."
244234882-pami-drzewa,Pamięć drzewa,"Vallès, Tina",4,"School, Fiction, Fantasy, Novels, Thriller, Poetry, Classics, Science Fiction","Kiedy wychodzimy, dziadek ściska mocno moją dłoń i każe mi czytać nazwy wszystkich ulic. Chce, żebym nauczył się wszystkich tras, które wspólnie przemierzamy, bo podobno jestem już dorosły i wkrótce będę chodził sam po tym świecie. A mnie wtedy aż zatyka, bo dziadek mówi to z dziwnie szklistymi oczami, jakich nigdy przedtem u niego nie widziałem…Gdy do domu Jana i jego rodziców wprowadzają się dziadkowie, ośmiolatek nie potrafi ukryć radości. Dziwne tylko, że rodzice wydają się bardziej zmartwieni niż szczęśliwi, a dom wypełnia się niezrozumiałym napięciem.Jan i jego dziadek mają jednak swój własny świat – pełen spacerów, rozmów i drzew, które skrywają niesamowite historie. Każda wspólnie spędzona chwila splata się w mozaikę wspomnień, z których rodzi się niepowtarzalna więź.Pamięć drzewa to poruszająca powieść, pozwalająca spojrzeć na świat oczami dziecka. To historia o wspomnieniach, które tworzymy, pielęgnujemy i czasem tracimy. O tym, jak ważna jest pamięć i bliskość, nawet wtedy gdy w każdej chwili możemy je utracić.Otulająca opowieść, która zostawia ciepły ślad w sercu i na długo pozostaje w pamięci."
18077752-acceptance,"Acceptance(Southern Reach, #3)","VanderMeer, Jeff",4,"Fiction, Science Fiction Fantasy, Fantasy, Mystery, Horror, Audiobook, Thriller, Poetry, Classics, Science Fiction","It is winter in Area X, the mysterious wilderness that has defied explanation for thirty years, rebuffing expedition after expedition, refusing to reveal its secrets. As Area X expands, the agency tasked with investigating and overseeing it—the Southern Reach—has collapsed on itself in confusion. Now one last, desperate team crosses the border, determined to reach a remote island that may hold the answers they've been seeking. If they fail, the outer world is in peril.Meanwhile,Acceptancetunnels ever deeper into the circumstances surrounding the creation of Area X—what initiated this unnatural upheaval? Among the many who have tried, who has gotten close to understanding Area X—and who may have been corrupted by it?In this last installment of Jeff VanderMeer's Southern Reach trilogy, the mysteries of Area X may be solved, but their consequences and implications are no less profound—or terrifying."
23515727-no-country-for-old-men,No Country for Old Men,"McCarthy, Cormac",5,"Fiction, Crime, Fantasy, Mystery, Westerns, Thriller, Poetry, Classics, Science Fiction, Literature","The setting is the Texas-Mexico border. The time is our own, when rustlers have given way to drug-runners and small towns have become free-fire zones. A good old boy named Llewellyn Moss finds a pickup truck surrounded by dead men. A load of heroin and two million dollars in cash are still in the back. When Moss takes the money, he sets off a chain reaction that not even the law can contain. Encompassing themes as ancient as the Bible and as bloodily contemporary as this morning’s headlines,No Country for Old Menis a triumph."
199235727-the-housemaid-is-watching,"The Housemaid is Watching(The Housemaid, #3)","McFadden, Freida",4,"Mystery Thriller, Fiction, Suspense, Crime, Fantasy, Mystery, Audiobook, Thriller, Poetry, Classics, Science Fiction","“You must be our new neighbors!” Mrs. Lowell gushes and waves across the picket fence. I clutch my daughter’s hand and smile back: but the second Mrs. Lowell sees my husband a strange expression crosses her face. In that moment I make a promise. We finally have a family home. My past is far, far behind us. And I’ll do anything to keep it that way…I used to clean other people’s houses—now, I can’t believe this home is actually mine. The charming kitchen, the quiet cul-de-sac, the huge yard where my kids can play. My husband and I saved for years to give our children the life they deserve.Even though I’m wary of our new neighbor Mrs. Lowell, when she invites us over for dinner it’s our chance to make friends. Her maid opens the door wearing a white apron, her hair in a tight bun. I know exactly what it’s like to be in her shoes. But her cold stare gives me chills…The Lowells’ maid isn’t the only strange thing on our street. I’m sure I see a shadowy figure watching us. My husband leaves the house late at night. And when I meet a woman who lives across the way, her words chill me to the bone: Be careful of your neighbors.Did I make a terrible mistake moving my family here?I thought I’d left my darkest secrets behind. But could this quiet suburban street be the most dangerous place of all?From New York Times, USA Today and Wall Street Journal bestselling author Freida McFadden comes the next installment of the unbelievably twisty, tension-packed and globally bestselling Housemaid series. This book can be enjoyed as a standalone read: and once you start, it will have you up all night racing through the pages until the final explosive twist."
62848145-the-housemaid-s-secret,"The Housemaid's Secret(The Housemaid, #2)","McFadden, Freida",4,"Mystery Thriller, Fiction, Suspense, Crime, Fantasy, Mystery, Audiobook, Thriller, Poetry, Classics, Science Fiction","As he continues showing me their incredible penthouse apartment, I have a terrible feeling about the woman behind closed doors. But I can't risk losing this job – not if I want to keep my darkest secret safe . . .It's hard to find an employer who doesn't ask too many questions about my past. So I thank my lucky stars that the Garricks miraculously give me a job, cleaning their stunning penthouse with views across the city and preparing fancy meals in their shiny kitchen. I can work here for a while, stay quiet until I get what I want. It's almost perfect. But I still haven't met Mrs Garrick, or seen inside the guest bedroom. I'm sure I hear her crying. I notice spots of blood around the neck of her white nightgowns when I'm doing laundry. And one day I can't help but knock on the door. When it gently swings open, what I see inside changes everything...That's when I make a promise. After all, I've done this before. I can protect Mrs. Garrick while keeping my own secrets locked up safe. Douglas Garrick has done wrong. He is going to pay. It's simply a question of how far I'm willing to go..."
211004123-beautiful-ugly,Beautiful Ugly,"Feeney, Alice",3,"Mystery Thriller, Fiction, Book Club, Suspense, Fantasy, Mystery, Audiobook, Thriller, Poetry, Classics, Science Fiction","A gripping and deliciously dark thriller about marriage. . .. . . and revenge.Author Grady Green is having the worst best day of his life.Grady calls his wife to share some exciting news as she is driving home. He hears Abby slam on the brakes, get out of the car, then nothing. When he eventually finds her car by the cliff edge the headlights are on, the driver door is open, her phone is still there. . . but his wife has disappeared.A year later, Grady is still overcome with grief and desperate to know what happened to Abby. He can’t sleep, and he can’t write, so he travels to a tiny Scottish island to try to get his life back on track. Then he sees the impossible — a woman who looks exactly like his missing wife.Wives think their husbands will change but they don’t.Husbands think their wives won’t change but they do."
222683896-the-school-of-night,The School of Night,"Knausgård, Karl Ove",5,"Fiction, Literary Fiction, Fantasy, Scandinavian Literature, Contemporary, Magical Realism, Thriller, Poetry, Classics, Science Fiction, Literature","Karl Ove Knausgaard’s most daring and macabre novel yet,The School of Nightis an indelible tale about dark temptations and moral depravity, and what we forget when we bargain with the devilIt’s 1985, and the young and ambitious Kristian Hadeland is moving from Norway to London to study photography. He throws himself headfirst into the bustling art scene and finds himself at a crossroads—ultimately deciding to pay any price for success in his early career, willing to sacrifice everything and to stop at nothing.Twenty-four years later, Kristian has achieved everything he’s ever desired. Now an art photographer with a major retrospective in New York City, he sees his world around him begin to crumble as his past catches up to him and he faces his evil fate.In a thrilling twist on Christopher Marlowe’sDoctor Faustus, and set in the occult universe ofThe Morning Star,The Wolves of Eternity, andThe Third Realm, Knausgaard masterfully spins a dark cautionary tale about the lengths we will go to achieve success—and how far we are willing to fall."
238738164-ab-d-i-nietoperz,"Łabędź i nietoperz(Detektyw Godai, #1)","Higashino, Keigo",2,"Mystery Thriller, Fiction, Crime, Japanese Literature, Japan, Fantasy, Mystery, Thriller, Poetry, Classics, Science Fiction","Czy prawda zawsze wyzwala? A może są sekrety, które powinny pozostać ukryte?W najnowszym kryminale Keigo Higashino wciąga czytelnika w mroczną historię zbrodni, która rzuca długi cień na dwie rodziny. Gdy w Tokio zostaje zamordowany znany prawnik, a do winy przyznaje się niepozorny emeryt – sprawa wydaje się oczywista. Ale jego syn i córka ofiary docierają do dramatycznych wydarzeń sprzed trzydziestu lat…Łabędź i nietoperzto więcej niż kryminał – to genialna próba odpowiedzi na odwieczne pytanie o zbrodnię i karę. Higashino z chirurgiczną precyzją odsłania mechanizmy rodzinnych dramatów i pokazuje, jak bolesne może być zaglądanie w głąb ludzkiego serca."
123003931-miech-w-ciemno-ci,Śmiech w ciemności,"Nabokov, Vladimir",4,"Fiction, 20th Century, Russian Literature, Russia, Fantasy, Novels, Thriller, Poetry, Classics, Science Fiction, Literature","Klasyka odkrywana na nowo. Ponadczasowa powieść o dramacie miłosnym, niepozbawiona również elementów sensacyjnych.Ironiczna opowieść o miłości, pożądaniu i oszustwie.Żył sobie raz w niemieckim mieście Berlinie mężczyzna imieniem Albinus, bogaty, szanowany, szczęśliwy; pewnego dnia porzucił żonę dla młodej kochanki; kochał, lecz nie był kochany; i życie jego zakończyło się katastrofą – tak zaczyna sięŚmiech w ciemności.I to – jak mówi sam autor – cała historia..., tyle że od tego miejsca, z charakterystyczną dla siebie ironią, Nabokov przemienia ją w mrożącą krew w żyłach i oryginalną powieść o szaleństwie i destrukcji. W artystycznym środowisku Berlina lat trzydziestych podstarzały krytyk filmowy pada ofiarą własnych pragnień, miłości do młodziutkiej dziewczyny, a także intryg rywala o jej uczucia, który największą radość czerpie z upadku innych."
217329414-ask-for-andrea,Ask for Andrea,"Ihli, Noelle W.",3,"Mystery Thriller, Fiction, Book Club, Fantasy, Mystery, Horror, Audiobook, Thriller, Poetry, Classics, Science Fiction","Był idealny.Wiele dziewczyn dałoby się zabić za randkę z nim...James Carson był wysoki, przystojny, miał hipnotyzujące bursztynowe oczy i uśmiech, który potrafił rozbroić każdą kobietę. Na swoje ofiary polował w sieci, gdzie pod przykrywką idealnego mężczyzny zdobywał ich zaufanie, by potem brutalnie zabić.Meghan, Brecię i Skye łączy jedno – wszystkie zostały zamordowane przez tego samego mężczyznę. Każda z nich ma inny powód, by nie odchodzić z tego świata: jedna pragnie, aby jej ciało zostało odnalezione, druga chce, żeby jej rodzina dowiedziała się, co się z nią stało, trzecia jest zdeterminowana, by chronić inne kobiety przed podobnym losem.Od chwili gdy się spotkały, mają jeden cel: powstrzymać Jamesa przed kolejnym zabójstwem.Czytając, towarzyszysz Meghan, Brecii i Skye w chwili ich śmierci. Dzielisz z nimi ból i bezradność, gdy nie są w stanie powstrzymać zabójcy. Budujesz z nimi więź tak silną jak z prawdziwą przyjaciółką. I nienawidzisz mordercy."
242206106-nic-nie-ro-nie-w-blasku-ksi-yca,Nic nie rośnie w blasku księżyca,"Nedreaas, Torborg",2,"Fiction, Feminism, Fantasy, Novels, Audiobook, Modern Classics, Literary Fiction, Thriller, Poetry, Classics, Science Fiction","Klasyka literatury norweskiej po raz pierwszy w Polsce.Koniec końców to przecież jedyne, za czym tęsknimy. Ciepło człowieka u naszego boku.W pewien wiosenny wieczór bezimienny mężczyzna spotyka na ulicy bezimienną kobietę. Ona ma ze sobą tylko czerwoną walizkę i wydaje się bardzo smutna. Spacerują po mieście, aż trafiają do mieszkania mężczyzny. Wtedy kobieta zaczyna mówić i w ciągu jednej nocy opowiada historię swojego życia. Jej relacja jest chaotyczna, zapętla się, powtarza i często przeczy samej sobie. Kiedy ona przerywa i sięga po kieliszek wina albo papieros, on próbuje zrozumieć, co się dzieje, ale wątków i emocji jest zbyt dużo.Z opowieści wyłania się jednak obraz kobiety, która miała życie pełne marzeń i planów, ale zniszczyło je pragnienie miłości. Obsesja i cierpienie sprawiły, że otarła się o śmierć. Teraz szuka drogi powrotnej, ale czy będzie potrafiła ją znaleźć?"
242719148-krzyk,Krzyk,"Nukui, Tokurō",5,"Fiction, Suspense, Crime, Japan, Fantasy, Mystery, Audiobook, Thriller, Poetry, Classics, Science Fiction","Tokio, początek lat 90., podinspektor Saeki, szef elitarnej pierwszej sekcji śledczej w Komendzie Metropolitalnej Policji, prowadzi sprawię zaginionych dziewczynek. Jedna z nich właśnie została znaleziona martwa. Presja mediów, by poznać prawdę i postępy śledztwa, rośnie. Saeki musi także wyjaśnić sprawę przecieku w służbach i zniwelować napięcia zaostrzające spekulacje wokół jego awansu. Nie jest mu łatwo, bo on też jest ojcem kilkulatki.Matsumoto, pogrążony w rozpaczy ojciec ofiary, staje się łatwym celem dla internetowej sekty. Chwyta się jej obietnic, że za niewielką opłatą w postaci krwi i pieniędzy jego problemy zostaną rozwiązane.Losy Saekiego i Matsumoto się krzyżują."
60031053-filosofi-in-libert,Filosofi in libertà,"Eco, Umberto",4,"Philosophy, Fiction, Fantasy, Thriller, Nonfiction, Poetry, Classics, Science Fiction","“FilosofI in libertà” è il clamoroso esordio (1958) di Umberto Eco nel campo, da lui stesso definito, della saggistica leggera. Un piccolo Bignami, si potrebbe dire, della storia della filosofia in forma di filastrocca, un genere assai familiare fin dall’infanzia di Eco, assiduo lettore del “Corriere dei Piccoli”. Ai testi si accompagnano talvolta delle argute, sapide vignette dell’autore, in armonia con il costume satirico espresso da testate come “Candido” e “Il Travaso”. Pubblicato in tiratura numerata di 500 copie, esce firmato con lo pseudonimo joyciano Dedalus, anche per il rischio di compromettere la carriera accademica del giovane Eco. Questa nuova edizione è integrata dalla sezione “Scrittori in libertà”, dedicata a Proust, Joyce e Thomas Mann, tra i prediletti dell’autore."
60371067-the-sleep-prescription,The Sleep Prescription: Seven Days to Unlocking Your Best Rest,"Prather, Aric",3,"Fiction, Health, Psychology, Self Help, Fantasy, Audiobook, Mental Health, Thriller, Nonfiction, Poetry, Classics, Science Fiction, Science","“Vastly knowledgeable and genuinely brilliant . . . An easy yet most effective how-to guide on sleep.” —Dr. Matthew Walker, New York Times bestselling author of Why We SleepFrom renowned sleep scientist Dr. Aric Prather, a book that offers a simple yet powerful plan to improve your sleep in seven daysWe need sleep to survive. Sleep is as essential as food, water, and oxygen. So how can something that should be so instinctual and automatic be so hard? Dr. Prather runs one of the world’s most successful sleep clinics and has cracked the code to help even the most restless of sleepers get a good night’s rest.In The Sleep Prescription , Dr. Prather shares the powerful solutions that he uses to help his patients at the clinic achieve healing and restorative sleep. Going beyond the obvious solutions, Dr. Prather shares surprisingly simple yet deeply effective techniques that will help you lie back and let sleep work its magic.The seven-day prescription will lead you through theseDay 1: Set Your (Internal) ClockDay 2: Ease Off the GasDay 3: Energize—But Do It RightDay 4: Worry EarlyDay 5: You Are Not a Computer; You Can't Just Shut DownDay 6: (Re)Train Your BrainDay 7: Stay Up LateOver the course of seven days, this book will teach you how to get out of your own way, so that your body can do effortlessly what it was built to sleep well."
242577164-duchy,Duchy,"Alderton, Dolly",4,"Fiction, Romance, Book Club, Fantasy, Audiobook, Contemporary, Literary Fiction, Thriller, Poetry, Classics, Science Fiction, Chick Lit","Dorosłość? Przereklamowana i droga, nie polecam.Gdyby Nina Dean była twoją przyjaciółką, to zostawiłaby ci siedmiominutową głosówkę, którą zaczęłaby słowami:Sorki, że się nagrywam, ale pomyślałam, że tak będzie szybciej.A później opowiedziałaby o tym, co dobrze znasz.O nowym mieszkaniu, do którego przeniosła już co prawda wszystkie swoje rzeczy, ale upłynie jeszcze sporo czasu, zanim poczuje, że to jej prawdziwy dom.O tym, że choć odniosła duży zawodowy sukces, to czuje, że już niebawem stanie się coś złego i wszyscy odkryją jej niekompetencję. (spoiler: ma rację! )O rodzicach, którzy bez zapowiedzi zaczęli się starzeć i o tym, jak trudno jej się z tym pogodzić. Szczególnie, gdy jedno z nich przeżywa barwny kryzys wieku średniego, a drugie gaśnie w oczach.O tym, że jej ex bierze ślub i ANI TROCHĘ jej to nie interesuje.  Po prostu wydaje jej się dosyć zabawne, że…No i o Maxie, który już na pierwszej randce obiecał, że się z nią ożeni. Spełnienie marzeń o księciu na białym koniu czy jednak red flag?To nie jest historia o miłości. To opowieść o każdej z nas. O dorosłości, do której nie dołączono instrukcji obsługi, samotności w świecie pełnym ludzi i poszukiwaniu sensu w krótkich momentach radości.Dolly Alderton, jaką kochacie, znów tu jest! Tak jak w legendarnym Wszystko, co wiem o miłości, z dystansem, ale i wrażliwością przelewa na papier to, co mamy w głowach i sercach, gdy mierzymy się ze swoim (nie)zwykłym życiem."
198902277-the-wedding-people,The Wedding People,"Espach, Alison",5,"Fiction, Romance, Book Club, Fantasy, Audiobook, Contemporary, Literary Fiction, Thriller, Poetry, Classics, Science Fiction, Chick Lit","A propulsive and uncommonly wise novel about one unexpected wedding guest and the surprising people who help her start anew.It’s a beautiful day in Newport, Rhode Island, when Phoebe Stone arrives at the grand Cornwall Inn wearing a green dress and gold heels, not a bag in sight, alone. She's immediately mistaken by everyone in the lobby for one of the wedding people, but she’s actually the only guest at the Cornwall who isn’t here for the big event. Phoebe is here because she’s dreamed of coming for years—she hoped to shuck oysters and take sunset sails with her husband, only now she’s here without him, at rock bottom, and determined to have one last decadent splurge on herself. Meanwhile, the bride has accounted for every detail and every possible disaster the weekend might yield except for, well, Phoebe and Phoebe's plan—which makes it that much more surprising when the two women can’t stop confiding in each other.In turns absurdly funny and devastatingly tender, Alison Espach’sThe Wedding Peopleis ultimately an incredibly nuanced and resonant look at the winding paths we can take to places we never imagined—and the chance encounters it sometimes takes to reroute us.Alternate cover edition ofISBN 9781250899576."
240753482-gwiazdka-opowie-przedwigilijna,Gwiazdka. Opowieść przedwigilijna,"Rishøi, Ingvild H.",3,"Fiction, Novella, Christmas, Holiday, Fantasy, Audiobook, Contemporary, Literary Fiction, Thriller, Poetry, Classics, Science Fiction","Ta subtelna powieść robi dokładnie to, co obiecuje: świeci jasno pomimo ciemności.Oprah's Favorite Things (USA)Mały klejnot przepełniony najgłębszymi emocjami.„The New York Times” (USA)Ta poruszająca opowieść, bez ani jednego zbędnego słowa, stawia pytanie, jak iść dalej, gdy nadzieja gaśnie, a ciężar codzienności zdaje się nie do udźwignięcia. To historia o sile wyobraźni i międzyludzkich więzi, które pozwalają odnaleźć drogę naprzód.Booklist (USA)W tej uroczej powieści o trosce, wspólnocie i życzliwości nieznajomych kryje się prawdziwa magia. To głęboko poruszająca, pięknie opowiedziana historia, która z pewnością trafi prosto do serc wielu czytelników.Douglas Stuart, nagrodzony Bookerem autor Shuggie Bain i Young Mungo"
241146800-long-island,"Long Island(Eilis Lacey, #2)","Tóibín, Colm",3,"Fiction, Book Club, Irish Literature, Ireland, Fantasy, Audiobook, Historical Fiction, Literary Fiction, Thriller, Poetry, Classics, Science Fiction","W najnowszej powieści Colma Tóibína powraca Eilis Lacey – teraz Eilis Fiorello – znana czytelnikom bohaterka bestsellerowegoBrooklynu.Od zdarzeń opisanych wBrooklynieminęło dwadzieścia lat. Do drzwi Eilis, która mieszka z mężem i dwójką nastoletnich dzieci na Long Island, puka obcy mężczyzna i wyjawia coś, co burzy spokój jej ustabilizowanego życia. Reakcja Eilis na tę szokującą wiadomość, wszystko, co robi – i czego nie robi – sprawia, że ta kipiąca skrywanymi emocjami powieść trzyma w napięciu aż do nieoczekiwanego finału.Long Islandto wciągająca, pełna dyskretnego humoru, misterna opowieść, która próbuje odpowiedzieć na pytanie, czy można wrócić do przeszłości, by pchnąć swoje życie w nowym kierunku i podążyć inną drogą."
241451502-ghosts-of-halloween,"Ghosts of Halloween(Ghosts of Halloween, #0.5-#3.5)","Fae, Layla",2,"Smut, Fiction, Romance, Halloween, Why Choose, Fantasy, Dark Romance, Paranormal, Dark, Thriller, Poetry, Classics, Science Fiction","Trzy mściwe duchy.Jedna zdruzgotana kobieta.Jedna noc.Harlow nie jest w stanie żyć sama ze sobą po okropnych wydarzeniach z Halloween sprzed dwóch lat. Już wtedy w połowie załamana, teraz rozpadła się całkiem. Jedynym sposobem, aby ruszyć dalej, jest powrót do opuszczonego domu, gdzie zaczął się koszmar, i zapłacenie najwyższej ceny za swoje grzechy.Dom jednak nie jest pusty. Trzy żądne zemsty duchy tylko czekają i wieszczą chęć zniszczenia kobiety, która posłała je do diabła. Otrzymują jedną noc wolności i wykorzystają każdą jej sekundę, by wyładować na Harlow całą swoją wściekłość, udrękę i nienawiść.Ta trójka zadaje cierpienie spaczone przyjemnością, aż każdy jeden sekret zostanie wyciągnięty z wnętrza ich trumien w uświęconych godzinach najciemniejszej z nocy. Po ścianach nawiedzonego domu rozbryzguje się krew, do czasu aż krzyki niemoralnej rozkoszy zmywają przeszłe grzechy i okropieństwa.Ale co się wydarzy, gdy wstanie świt, a wraz z nim raz na zawsze zatrzasną się bramy piekielne?Zasady są jasne. Cierpienie za cierpienie. Krew za krew. Śmierć za śmierć."
243319673-w-ze-czasu,Węzeł czasu,"Mróz, Remigiusz",1,"Fiction, Polish Literature, Fantasy, Audiobook, Historical Fiction, Thriller, Poetry, Classics, Science Fiction","Opowieść o uczuciach, które podjęły walkę z czasem.Aga budzi się w środku lasu bez pojęcia o tym, gdzie jest i jak się tam znalazła. Ostatnim, co pamięta, jest kawa z przyjaciółką na opol­skim rynku w środku lata 2025 roku. Teraz odczuwalna temperatu­ra wskazuje, że od tamtej pory minęło przynajmniej kilka miesię­cy. Gdzie przepadły jej wspomnienia? Dlaczego nic nie pamięta? I dlaczego ma na sobie cudze ubrania, kojarzące się z dwudziesto­leciem międzywojennym?Zanim ma szansę zrozumieć, że jest nie tylko w nieswoim miejscu, ale także w nieswoim czasie, w lesie zjawia się dwóch mężczyzn. Za­miast języka polskiego, posługują się niemieckim. Zamiast z Opola, pochodzą z Oppeln. Aga zaś zamiast w Polsce, musi odnaleźć się w Rzeszy Niemieckiej. Poznaje Augusta Bekkera, oficera Schutzpolizei ścigające­go Polaków. Okazuje się dla niej zarazem przekleństwem, jak i błogosławieństwem."
55829194-the-final-girl-support-group,The Final Girl Support Group,"Hendrix, Grady",3,"Mystery Thriller, Fiction, Adult, Fantasy, Mystery, Horror, Audiobook, Thriller, Poetry, Classics, Science Fiction","In horror movies, the final girls are the ones left standing when the credits roll. They made it through the worst night of their lives…but what happens after?Like his bestselling novelThe Southern Book Club’s Guide to Slaying Vampires, Grady Hendrix’s latest is a fast-paced, frightening, and wickedly humorous thriller. From chain saws to summer camp slayers,The Final Girl Support Grouppays tribute to and slyly subverts our most popular horror films—movies likeThe Texas Chainsaw Massacre,A Nightmare on Elm Street, andScream.Lynnette Tarkington is a real-life final girl who survived a massacre. For more than a decade, she’s been meeting with five other final girls and their therapist in a support group for those who survived the unthinkable, working to put their lives back together. Then one woman misses a meeting, and their worst fears are realized—someone knows about the group and is determined to rip their lives apart again, piece by piece.But the thing about final girls is that no matter how bad the odds, how dark the night, how sharp the knife, they will never, ever give up."
242993868-22-d-ugo-ci,22 długości,"Wahl, Caroline",4,"German Literature, Fiction, Fantasy, Roman, Audiobook, Coming Of Age, Contemporary, Literary Fiction, Thriller, Poetry, Classics, Science Fiction","Wzruszająca i subtelna powieść, która zostanie w myślach na dłużej.Dni Tildy są ściśle zaplanowane: studia, praca kasjerki w supermarkecie, opieka nad młodszą siostrą Idą, a w gorsze dni także nad matką alkoholiczką. We trzy mieszkają w najsmutniejszym domu przy ulicy Pogodnej w małym miasteczku, którego Tilda nienawidzi. Jej przyjaciele już dawno wyjechali do Amsterdamu i Berlina, tylko ona została. Ktoś musiał przecież zatroszczyć się o Idę, zarabiać pieniądze i wziąć na siebie odpowiedzialność...Jednak pewnego dnia coś się zmienia: Tilda otrzymuje szansę na doktorat w Berlinie. Tym samym otwiera się przed nią nowa przyszłość. Pojawia się też Viktor – starszy brat Ivana, z którym dziewczyna kiedyś się przyjaźniła – który zawsze przepływa 22 długości basenu, dokładnie jak ona. Tilda zaczyna wierzyć, że wszystko się ułoży, ale sytuacja w domu wymyka się spod kontroli.22 długościto surowa, a jednocześnie delikatna opowieść o spustoszeniach, które niesie życie rodzinne, i o próbach znalezienia szczęścia i wolności."
239246578-ci-kt-rzy-m-wi-ci-kt-rzy-milcz,"Ci, którzy mówią. Ci, którzy milczą","Valerio, Chiara",4,"Italian Literature, Womens, Fiction, Italy, LGBT, Fantasy, Audiobook, Contemporary, Thriller, Poetry, Classics, Science Fiction","Kobiece głosy, męskie prawa.W prowincjonalnym włoskim miasteczku, gdzie upał oblepia skórę, plotka niesie się szybciej niż morski wiatr. Niespodziewana śmierć Vittorii odsłania sieć przemilczeń i zaskakujących więzi. ""Wypadek"" – mówią miejscowi.Tylko Lea, prawniczka, nie wierzy w przypadkowość tej śmierci. Vittoria – outsiderka, która śmiała się zbyt głośno i kochała nie tak, jak trzeba, otworzyła swój dom dla wszystkich, ale nikomu nie pozwoliła zajrzeć do środka. Stopniowo odkrywając prawdę o tajemniczej przeszłości kobiety, Lea sama staje przed wyborem: zaakceptować duszny porządek miasteczka czy zaryzykować, by wreszcie usłyszeć głosy, które próbowano uciszyć.Ci, którzy mówią. Ci, którzy milcząjest powieścią o tym, jak poznając cudze sekrety, odkrywamy własną tożsamość. Chiara Valerio pisze o odwadze bycia sobą tam, gdzie każdy zna twoje miejsce."
239856238-wirszczy-ska-genialna-i-nieznana,Świrszczyńska. Genialna i nieznana,"Stapkiewicz, Agnieszka",4,"Fiction, Fantasy, Thriller, Poetry, Classics, Science Fiction","Portret Anny Świrszczyńskiej – poetki, która wyprzedziła swoją epokę.To nie było łatwe życie. Jako córka niespełnionego artysty szybko poznała smak biedy. Jako sanitariuszka w czasie Powstania Warszawskiego doświadczyła grozy zagłady miasta. Po wojnie zamieszkała pod tym samym adresem, co Szymborska, Mrożek czy Różewicz – w legendarnym domu literatów na Krupniczej w Krakowie – ale nie stała się bohaterką anegdot, bo przez wiele lat ciężko pracowała, żeby utrzymać z pisania rodzinę. Jak się okazało, nie mogła liczyć na wierność męża, który zainteresował się sąsiadką – Haliną Poświatowską.Pełną wolność poczuła po sześćdziesiątce. Wtedy też nastąpiła prawdziwa eksplozja jej talentu – zupełnie zaskakującego na tle polskiej literatury. Zbiór wierszy Budowałam barykadę to zapis traumy Powstania, któremu dorównywać może tylko Pamiętnik z powstania warszawskiego Mirona Białoszewskiego. Mimo tego, że tomem Jestem baba wyprzedziła swój czas o kilka dekad, a wśród jej wielbicieli znalazł się noblista Czesław Miłosz, nigdy nie została w pełni doceniona.Dziś jest czas Świrszczyńskiej, bo nastał czas kobiet – ich emancypacji, budowania siły i samoświadomości– pisze Agnieszka Stapkiewicz. Autorka kreśli fascynujący obraz kobiety, która nie bała się mówić własnym głosem. Odkrywa wyjątkowość poetki, piszącej szczerze o kobiecych doświadczeniach – cielesności, macierzyństwie, seksualnej wolności i starzeniu się. Właśnie teraz twórczość Świrszczyńskiej wybrzmiewa z jeszcze większą siłą."
240476270-keith-haring-linia-kt-ra-zmieni-a-sztuk,"Keith Haring. Linia, która zmieniła sztukę","Gooch, Brad",3,"Biography Memoir, Fiction, History, Biography, Art, Queer, LGBT, Fantasy, Thriller, Nonfiction, Poetry, Classics, Science Fiction","Znasz jego dzieła, teraz poznaj artystę.Na początku lat 80. XX wieku na ulicach Nowego Jorku zaroiło się od komiksowych rysunków. Na ścianach metra, chodnikach i budynkach pojawiły się raczkujące dzieci, szczekające psy i wirujące białe linie.Nikt nie wiedział, że ich autorem jest niepozorny okularnik z małego miasteczka w Pensylwanii.A już na pewno nikt nie sądził, że ten chłopak stanie się ikoną undergroundowej sztuki Nowego Jorku.Obrazy Keitha Haringa wkrótce znalazły się na ubraniach Vivienne Westwood i na okładce płyty Davida Bowiego. To jemu Madonna zaśpiewała na urodzinach Like a Virgin. Jean-Michel Basquiat był stałym gościem jego imprez. A Andy Warhol zapraszał go do swojej legendarnej Fabryki.Keith jako jeden z pierwszych zaczął burzyć mur między sztuką wysoką a popkulturą.Bohomazy, za które został wiele razy aresztowany, niosły jednak ważny przekaz. Jego sztuka była manifestem wolności, wyrazem walki z wykluczeniem, sprzeciwem wobec ignorancji polityków.Śpieszył się, żeby o tym wszystkim opowiedzieć, jakby wiedział, że jego życie będzie tak tragicznie krótkie.Rysował jak szalony, a miasto było jego płótnem.Brad Gooch spotkał się z ponad dwustoma osobami, które znały Keitha Haringa. Dzięki temu udało mu się ukazać geniusz artysty, ponadczasowość jego dzieł i ich ogromny wpływ na sztukę współczesną.To historia pełna barw, gestów, głośnej muzyki i ciszy ostatnich dni, w której linia Haringa staje się najkrótszą drogą do zrozumienia nowojorskiej bohemy artystycznej lat 80. To opowieść o sztuce, wolności, ludzkiej wrażliwości i niegasnącej potrzebie wyrażania siebie."
228179723-sur-rendez-vous,"Sur rendez-vous(Sauveur & Fils, #1)","Murail, Marie-Aude",2,"Fiction, Young Adult, France, LGBT, Fantasy, Roman, Novels, Contemporary, Thriller, Poetry, Classics, Science Fiction","Quand on s'appelle Sauveur, comment ne pas se sentir prédisposé à sauver le monde entier ? Sauveur Saint-Yves, 1,90 m pour 80 kg de muscles, voudrait tirer d'affaire Margaux Carré, 14 ans, qui se taillade les bras, Ella Kuypens, 12 ans, qui s'évanouit de frayeur devant sa prof de latin, Cyrille Courtois, 9 ans, qui fait encore pipi au lit, Gabin Poupard, 16 ans, qui joue toute la nuit à World of Warcraft et ne va plus en cours le matin, les trois soeurs Augagneur, 5, 14 et 16 ans, dont la maman vient de se remettre en ménage avec une jeune femme... Sauveur Saint-Yves est psychologue clinicien. Mais à toujours s'occuper des problèmes des autres, Sauveur a oublié le sien. Ne devrait-il pas protéger ce petit garçon, Lazare, 8 ans, qui est son fils, menacé par un secret ?"
242808606-dziki-mroczny-brzeg,"Dziki, mroczny brzeg","McConaghy, Charlotte",4,"Mystery Thriller, Fiction, Book Club, Fantasy, Mystery, Audiobook, Literary Fiction, Thriller, Poetry, Classics, Science Fiction","Na krańcu świata, pośród ciszy i sztormów, rodzina strzeże przyszłości, która z każdym dniem staje się coraz mniej pewna. Aż morze wyrzuca na brzeg kobietę — i nic już nie pozostaje na swoim miejscu.Shearwater, niewielka wyspa u wybrzeży Antarktydy, to dziś niemal całkowite pustkowie. Z dawnego centrum badań pozostał jedynie bank nasion i ostatnia rodzina, której powierzono zadanie dopilnowania, by bezcenny zbiór trafił w bezpieczne miejsce. Dominic Salt i jego troje dzieci żyją tu w izolacji, każde z nich zmagając się z tym, co utracili — i z tym, czego wciąż nie potrafią wypuścić z rąk.Gdy podczas gwałtownej burzy na brzeg trafia nieznajoma, wszystko zaczyna się zmieniać. Rowan — zraniona i niechętna do zwierzeń — powoli zyskuje ich zaufanie. Ale jej obecność rodzi też pytania. Kim naprawdę jest? I co tak naprawdę dzieje się na wyspie?W miejscu, gdzie każda decyzja może zaważyć na przyszłości świata, bohaterowie będą musieli odpowiedzieć sobie na pytanie, czy można zaufać komuś, kto sam czegoś się boi — i czy możliwe są jeszcze nowe początki."
242206025-kontury,Kontury,"Jarno, Jakub",2,"Fiction, Polish Literature, Fantasy, Audiobook, Historical Fiction, Literary Fiction, Thriller, Poetry, Classics, Science Fiction","W powojennej zawierusze niknęło wszystko, a przede wszystkim ludzkie losy.Należałam do ludzi, którzy nigdy nie powinni się urodzić, nie mieli bowiem szansy na to, by nauczyć się żyć. Byłam dzieckiem otchłani, wytworem chaosu, bezpańskim pyłem na gruzach historii. Po wojnie było nas piętnaście milionów. W Polsce półtora. Dwadzieścia dwa procent całego młodego pokolenia. Ziemie odzyskane, ziemie utracone, a dzieci bezprzymiotnikowe.Konturyto przejmująca opowieść o Wandzie Jeżyńskiej – urodzonej w ostatnich dniach wojny dziewczynie, próbującej okiełznać największy z żywiołów i zawrócić bieg własnego losu. Zdana wyłącznie na siebie, radzić musi sobie w świecie nieprzyjaznym, bezlitosnym i wystawiającym ją najcięższe próby. Rękę wyciągają do niej Franek Światło i Urban Sierpiński – która z nich jest pomocą, a która przekleństwem, Wanda ma przekonać się dopiero po latach.Brakowało mi wszystkiego, nawet dokumentów poświadczających, że się urodziłam, że skądś pochodzę, że ktoś mnie na ten świat przywiódł i z jakiegoś powodu."
241146739-brooklyn,"Brooklyn(Eilis Lacey, #1)","Tóibín, Colm",3,"Fiction, Romance, Book Club, Historical, Ireland, Fantasy, Audiobook, Historical Fiction, Thriller, Poetry, Classics, Science Fiction","Lata pięćdziesiąte XX wieku. Eilis Lacey mieszka z matką i siostrą w irlandzkim miasteczku, wiedzie spokojne życie, uczęszczając na kurs księgowości i dorabiając sobie w miejscowym sklepiku. Szanse na zdobycie lepszej pracy czy małżeństwo są znikome. Kiedy więc pojawia się okazja wyjazdu do Ameryki, długo się nie waha, zwłaszcza że matka i siostra nie próbują jej zatrzymywać – wydaje się, że podjęły już tę decyzję za nią.Opisując losy Eilis, która w Nowym Jorku musi nauczyć się sama decydować o sobie, Colm Tóibín kreśli szalenie precyzyjne i subtelne studium przynależności.Brooklynwe wzruszający, ale i niepozbawiony humoru sposób ukazuje piekło emigracyjnej izolacji i żmudny proces układania sobie życia od nowa. To także wiarygodny portret kobiety przezwyciężającej własną bierność."
199635125-rejection,Rejection,"Tulathimutte, Tony",3,"Fiction, Short Stories, Book Club, Queer, Fantasy, Audiobook, Contemporary, Literary Fiction, Thriller, Poetry, Classics, Science Fiction","An electrifying novel-in-stories that follows a cast of intricately linked characters as rejection throws their lives and relationships into chaos.Sharply observant and outrageously funny, Rejection is a provocative plunge into the touchiest problems of modern life. The seven connected stories seamlessly transition between the personal crises of a complex ensemble and the comic tragedies of sex, relationships, identity, and the internet.In “The Feminist,” a young man’s passionate allyship turns to furious nihilism as he realizes, over thirty lonely years, that it isn’t getting him laid. A young woman’s unrequited crush in “Pics” spirals into borderline obsession and the systematic destruction of her sense of self. And in “Ahegao; or, The Ballad of Sexual Repression,” a shy late bloomer’s flailing efforts at a first relationship leads to a life-upending mistake. As the characters pop up in each other’s dating apps and social media feeds, or meet in dimly lit bars and bedrooms, they reveal the ways our delusions can warp our desire for connection.These brilliant satires explore the underrated sorrows of rejection with the authority of a modern classic and the manic intensity of a manifesto. Audacious and unforgettable, Rejection is a stunning mosaic that redefines what it means to be rejected by lovers, friends, society, and oneself."
211004934-how-to-be-enough,How to Be Enough: Self-Acceptance for Self-Critics and Perfectionists,"Hendriksen, Ellen",3,"Fiction, Health, Psychology, Self Help, Fantasy, Audiobook, Personal Development, Mental Health, Thriller, Nonfiction, Poetry, Classics, Science Fiction","Are you your own toughest critic? Learn to be good to yourself with this clear and compassionate guide.Do you set demanding standards for yourself? If so, a lot likely goes well in your life: You might earn compliments, admiration, or accomplishments. Your high standards and hard work pay off.But privately, you may feel like you’re falling behind, faking it, or different from everybody else. Your eagle-eyed inner quality control inspector highlights every mistake. You try hard to avoid criticism, but criticize yourself. Trying to get it right is your guiding light, but it has lit the way to a place of dissatisfaction, loneliness, or disconnection. In short, you may look like you’re hitting it out of the park, but you feel like you’re striking out.This is perfectionism. And for everyone who struggles with it, it’s a misnomer: perfectionism isn’t about striving to be perfect. It’s about never feeling good enough.Dr. Ellen Hendriksen—clinical psychologist, anxiety specialist, and author ofHow to Be Yourself—is on the same journey as you. InHow to Be Enough, Hendriksen charts a flexible, forgiving, and freeing path, all without giving up the excellence your high standards and hard work have gotten you. She delivers seven shifts—including from self-criticism to kindness, control to authenticity, procrastination to productivity, comparison to contentment—to find self-acceptance, rewrite the Inner Rulebook, and most of all, cultivate the authentic human connections we’re all craving.With compassion and humor, Hendriksen lays out a clear, effective, and empowering guide. To enjoy rather than improve, be real rather than impressive, and be good to yourself when you’re wired to be hard on yourself."
